BLANK	GALLIA est omnis divisa in partes tres, quarum unam incolunt Belgae, aliam Aquitani, tertiam qui ipsorum lingua Celtae, nostra Galli appellantur. Hi omnes lingua, institutis, legibus inter se differunt.
BLANK	Horum omnium fortissimi sunt Belgae, propterea quod a cultu atque humanitate provinciae longissime absunt, minimeque ad eos mercatores saepe commeant atque ea quae ad effeminandos animos pertinent important, proximique sunt Germanis, qui trans Rhenum incolunt, quibuscum continenter bellum gerunt. Qua de causa Helvetii quoque reliquos Gallos virtute praecedunt, quod fere cotidianis proeliis cum Germanis contendunt, cum aut suis finibus eos prohibent aut ipsi in eorum finibus bellum gerunt.
BLANK	[Eorum una, pars, quam Gallos obtinere dictum est, initium capit a flumine Rhodano, continetur Garumna flumine, Oceano, finibus Belgarum, attingit etiam ab Sequanis et Helvetiis flumen Rhenum, vergit ad septentriones.
BLANK	Belgae ab extremis Galliae finibus oriuntur, pertinent ad inferiorem partem fluminis Rheni, spectant in septentrionem et orientem solem.
BLANK	Aquitania a Garumna flumine ad Pyrenaeos montes et eam partem Oceani quae est ad Hispaniam pertinet; spectat inter occasum solis et septentriones.]
BLANK	 Ea res est Helvetiis per indicium enuntiata. Moribus suis Orgetoricem ex vinculis causam dicere coegerunt; damnatum poenam sequi oportebat, ut igni cremaretur. Die constituta causae dictionis Orgetorix ad iudicium omnem suam familiam, ad hominum milia decem, undique coegit, et omnes clientes obaeratosque suos, quorum magnum numerum habebat, eodem conduxit; per eos ne causam diceret se eripuit. Cum civitas ob eam rem incitata armis ius suum exequi conaretur multitudinemque hominum ex agris magistratus cogerent, Orgetorix mortuus est; neque abest suspicio, ut Helvetii arbitrantur, quin ipse sibi mortem consciverit.
BLANK	 Post eius mortem nihilo minus Helvetii id quod constituerant facere conantur, ut e finibus suis exeant. Ubi iam se ad eam rem paratos esse arbitrati sunt, oppida sua omnia, numero ad duodecim, vicos ad quadringentos, reliqua privata aedificia incendunt; frumentum omne, praeter quod secum portaturi erant, comburunt, ut domum reditionis spe sublata paratiores ad omnia pericula subeunda essent; trium mensum molita cibaria sibi quemque domo efferre iubent. Persuadent Rauracis et Tulingis et Latobrigis finitimis, uti eodem usi consilio oppidis suis vicisque exustis una cum iis proficiscantur, Boiosque, qui trans Rhenum incoluerant et in agrum Noricum transierant Noreiamque oppugnabant, receptos ad se socios sibi adsciscunt.
BLANK	 Relinquebatur una per Sequanos via, qua Sequanis invitis propter angustias ire non poterant. His cum sua sponte persuadere non possent, legatos ad Dumnorigem Haeduum mittunt, ut eo deprecatore a Sequanis impetrarent. Dumnorix gratia et largitione apud Sequanos plurimum poterat et Helvetiis erat amicus, quod ex ea civitate Orgetorigis filiam in matrimonium duxerat, et cupiditate regni adductus novis rebus studebat et quam plurimas civitates suo beneficio habere obstrictas volebat. Itaque rem suscipit et a Sequanis impetrat ut per fines suos Helvetios ire patiantur, obsidesque uti inter sese dent perficit: Sequani, ne itinere Helvetios prohibeant, Helvetii, ut sine maleficio et iniuria transeant.
BLANK	 His Caesar ita respondit: eo sibi minus dubitationis dari, quod eas res quas legati Helvetii commemorassent memoria teneret, atque eo gravius ferre quo minus merito populi Romani accidissent; qui si alicuius iniuriae sibi conscius fuisset, non fuisse difficile cavere; sed eo deceptum, quod neque commissum a se intellegeret quare timeret neque sine causa timendum putaret. Quod si veteris contumeliae oblivisci vellet, num etiam recentium iniuriarum, quod eo invito iter per provinciam per vim temptassent, quod Haeduos, quod Ambarros, quod Allobrogas vexassent, memoriam deponere posse? Quod sua victoria tam insolenter gloriarentur quodque tam diu se impune iniurias tulisse admirarentur, eodem pertinere.
BLANK	Consuesse enim deos immortales, quo gravius homines ex commutatione rerum doleant, quos pro scelere eorum ulcisci velint, his secundiores interdum res et diuturniorem impunitatem concedere. Cum ea ita sint, tamen, si obsides ab iis sibi dentur, uti ea quae polliceantur facturos intellegat, et si Haeduis de iniuriis quas ipsis sociisque eorum intulerint, item si Allobrogibus satis faciunt, sese cum iis pacem esse facturum. Divico respondit: ita Helvetios a maioribus suis institutos esse uti obsides accipere, non dare, consuerint; eius rem populum Romanum esse testem. Hoc responso dato discessit.
BLANK	 Postero die castra ex eo loco movent. Idem facit Caesar equitatumque omnem, ad numerum quattuor milium, quem ex omni provincia et Haeduis atque eorum sociis coactum habebat, praemittit, qui videant quas in partes hostes iter faciant. Qui cupidius novissimum agmen insecuti alieno loco cum equitatu Helvetiorum proelium committunt; et pauci de nostris cadunt.
BLANK	Quo proelio sublati Helvetii, quod quingentis equitibus tantam multitudinem equitum propulerant, audacius subsistere non numquam et novissimo agmine proelio nostros lacessere coeperunt. Caesar suos a proelio continebat, ac satis habebat in praesentia hostem rapinis, pabulationibus populationibusque prohibere. Ita dies circiter XV iter fecerunt uti inter novissimum hostium agmen et nostrum primum non amplius quinis aut senis milibus passuum interesset.
BLANK	 Tum demum Liscus oratione Caesaris adductus quod antea tacuerat proponit: esse non nullos, quorum auctoritas apud plebem plurimum valeat, qui privatim plus possint quam ipsi magistratus. Hos seditiosa atque improba oratione multitudinem deterrere, ne frumentum conferant quod debeant: praestare, si iam principatum Galliae obtinere non possint, Gallorum quam Romanorum imperia perferre, neque dubitare [debeant] quin, si Helvetios superaverint Romani, una cum reliqua Gallia Haeduis libertatem sint erepturi. Ab isdem nostra consilia quaeque in castris gerantur hostibus enuntiari; hos a se coerceri non posse. Quin etiam, quod necessariam rem coactus Caesari enuntiarit, intellegere sese quanto id cum periculo fecerit, et ob eam causam quam diu potuerit tacuisse.
BLANK	 Caesar hac oratione Lisci Dumnorigem, Diviciaci fratrem, designari sentiebat, sed, quod pluribus praesentibus eas res iactari nolebat, celeriter concilium dimittit, Liscum retinet. Quaerit ex solo ea quae in conventu dixerat. Dicit liberius atque audacius. Eadem secreto ab aliis quaerit; reperit esse vera: ipsum esse Dumnorigem, summa audacia, magna apud plebem propter liberalitatem gratia, cupidum rerum novarum.
BLANK	 Quibus rebus cognitis, cum ad has suspiciones certissimae res accederent, quod per fines Sequanorum Helvetios traduxisset, quod obsides inter eos dandos curasset, quod ea omnia non modo iniussu suo et civitatis sed etiam inscientibus ipsis fecisset, quod a magistratu Haeduorum accusaretur, satis esse causae arbitrabatur quare in eum aut ipse animadverteret aut civitatem animadvertere iuberet. His omnibus rebus unum repugnabat, quod Diviciaci fratris summum in populum Romanum studium, summum in se voluntatem, egregiam fidem, iustitiam, temperantiam cognoverat; nam ne eius supplicio Diviciaci animum offenderet verebatur.
BLANK	Itaque prius quam quicquam conaretur, Diviciacum ad se vocari iubet et, cotidianis interpretibus remotis, per C. Valerium Troucillum, principem Galliae provinciae, familiarem suum, cui summam omnium rerum fidem habebat, cum eo conloquitur; simul commonefacit quae ipso praesente in concilio [Gallorum] de Dumnorige sint dicta, et ostendit quae separatim quisque de eo apud se dixerit. Petit atque hortatur ut sine eius offensione animi vel ipse de eo causa cognita statuat vel civitatem statuere iubeat.
BLANK	 Eodem die ab exploratoribus certior factus hostes sub monte consedisse milia passuum ab ipsius castris octo, qualis esset natura montis et qualis in circuitu ascensus qui cognoscerent misit.Renuntiatum est facilem esse.
BLANK	De tertia vigilia T. Labienum, legatum pro praetore, cum duabus legionibus et iis ducibus qui iter cognoverant summum iugum montis ascendere iubet; quid sui consilii sit ostendit. Ipse de quarta vigilia eodem itinere quo hostes ierant ad eos contendit equitatumque omnem ante se mittit.
BLANK	P. Considius, qui rei militaris peritissimus habebatur et in exercitu L. Sullae et postea in M. Crassi fuerat, cum exploratoribus praemittitur.
BLANK	 Postridie eius diei, quod omnino biduum supererat, cum exercitui frumentum metiri oporteret, et quod a Bibracte, oppido Haeduorum longe maximo et copiosissimo, non amplius milibus passuum XVIII aberat, rei frumentariae prospiciendum existimavit; [itaque] iter ab Helvetiis avertit ac Bibracte ire contendit. Ea res per fugitivos L. Aemilii, decurionis equitum Gallorum, hostibus nuntiatur. Helvetii, seu quod timore perterritos Romanos discedere a se existimarent, eo magis quod pridie superioribus locis occupatis proelium non commisissent, sive eo quod re frumentaria intercludi posse confiderent, commutato consilio atque itinere converso nostros a novissimo agmine insequi ac lacessere coeperunt.
BLANK	 Postquam id animum advertit, copias suas Caesar in proximum collem subduxit equitatumque, qui sustineret hostium petum, misit. Ipse interim in colle medio triplicem aciem instruxit legionum quattuor veteranarum; in summo iugo duas legiones quas in Gallia citeriore proxime conscripserat et omnia auxilia conlocavit, ita ut supra se totum montem hominibus compleret; impedimenta sarcinasque in unum locum conterri et eum ab iis qui in superiore acie constiterant muniri iussit. Helvetii cum omnibus suis carris secuti impedimenta in unum locum contulerunt; ipsi concertissima acie, reiecto nostro equitatu, phalange facta sub primam nostram aciem successerunt.
BLANK	 Caesar primum suo, deinde omnium ex conspectu remotis equis, ut aequato omnium periculo spem fugae tolleret, cohortatus suos proelium commisit. Milites loco superiore pilis missis facile hostium phalangem perfregerunt. Ea disiecta gladiis destrictis in eos impetum fecerunt.
BLANK	 Ita ancipiti proelio diu atque acriter pugnatum est. Diutius cum sustinere nostrorum impetus non possent, alteri se, ut coeperant, in montem receperunt, alteri ad impedimenta et carros suos se contulerunt.
BLANK	 Helvetii omnium rerum inopia adducti legatos de deditione ad eum miserunt. Qui cum eum in itinere convenissent seque ad pedes proiecissent suppliciterque locuti flentes pacem petissent, atque eos in eo loco quo tum essent suum adventum expectare iussisset, paruerunt. Eo postquam Caesar pervenit, obsides, arma, servos qui ad eos perfugissent, poposcit.
BLANK	Dum ea conquiruntur et conferuntur, [nocte intermissa] circiter hominum milia VI eius pagi qui Verbigenus appellatur, sive timore perterriti, ne armis traditis supplicio adficerentur, sive spe salutis inducti, quod in tanta multitudine dediticiorum suam fugam aut occultari aut omnino ignorari posse existimarent, prima nocte e castris Helvetiorum egressi ad Rhenum finesque Germanorum contenderunt.
BLANK	 In castris Hevetiorum tabulae repertae sunt litteris Graecis confectae et ad Caesarem relatae, quibus in tabulis nominatim ratio confecta erat, qui numerus domo exisset eorum qui arma ferre possent, et item separatim, [quot] pueri, senes mulieresque. [Quarum omnium rerum] summa erat capitum Helvetiorum milium CCLXIII, Tulingorum milium XXXVI, Latobrigorum XIIII, Rauracorum XXIII, Boiorum XXXII; ex his qui arma ferre possent ad milia nonaginta duo. Summa omnium fuerunt ad milia CCCLXVIII. Eorum qui domum redierunt censu habito, ut Caesar imperaverat, repertus est numerus milium C et X.
BLANK	 Bello Helvetiorum confecto totius fere Galliae legati, principes civitatum, ad Caesarem gratulatum convenerunt: intellegere sese, tametsi pro veteribus Helvetiorum iniuriis populi Romani ab his poenas bello repetisset, tamen eam rem non minus ex usu [terrae] Galliae quam populi Romani accidisse, propterea quod eo consilio florentissimis rebus domos suas Helvetii reliquissent uti toti Galliae bellum inferrent imperioque potirentur, locumque domicilio ex magna copia deligerent quem ex omni Gallia oportunissimum ac fructuosissimum iudicassent, reliquasque civitates stipendiarias haberent. Petierunt uti sibi concilium totius Galliae in diem certam indicere idque Caesaris facere voluntate liceret:
BLANK	sese habere quasdam res quas ex communi consensu ab eo petere vellent. Ea re permissa diem concilio constituerunt et iure iurando ne quis enuntiaret, nisi quibus communi consilio mandatum esset, inter se sanxerunt.
BLANK	Unum se esse ex omni civitate Haeduorum qui adduci non potuerit ut iuraret aut liberos suos obsides daret. Ob eam rem se ex civitate profugisse et Romam ad senatum venisse auxilium postulatum, quod solus neque iure iurando neque obsidibus teneretur. Sed peius victoribus Sequanis quam Haeduis victis accidisse, propterea quod Ariovistus, rex Germanorum, in eorum finibus consedisset tertiamque partem agri Sequani, qui esset optimus totius Galliae, occupavisset et nunc de altera parte tertia Sequanos decedere iuberet, propterea quod paucis mensibus ante Harudum milia hominum XXIIII ad eum venissent, quibus locus ac sedes pararentur.
BLANK	Futurum esse paucis annis uti omnes ex Galliae finibus pellerentur atque omnes Germani Rhenum transirent; neque enim conferendum esse Gallicum cum Germanorum agro neque hanc consuetudinem victus cum illa comparandam.
BLANK	 His rebus cognitis Caesar Gallorum animos verbis confirmavit pollicitusque est sibi eam rem curae futuram; magnam se habere spem et beneficio suo et auctoritate adductum Ariovistum finem iniuriis facturum.
BLANK	 Quam ob rem placuit ei ut ad Ariovistum legatos mitteret, qui ab eo postularent uti aliquem locum medium utrisque conloquio deligeret: velle sese de re publica et summis utriusque rebus cum eo agere. Ei legationi Ariovistus respondit: si quid ipsi a Caesare opus esset, sese ad eum venturum fuisse; si quid ille se velit, illum ad se venire oportere.
BLANK	Praeterea se neque sine exercitu in eas partes Galliae venire audere quas Caesar possideret, neque exercitum sine magno commeatu atque molimento in unum locum contrahere posse. Sibi autem mirum videri quid in sua Gallia, quam bello vicisset, aut Caesari aut omnino populo Romano negotii esset.
BLANK	intellecturum quid invicti Germani, exercitatissimi in armis, qui inter annos XIIII tectum non subissent, virtute possent.
BLANK	 Haec eodem tempore Caesari mandata referebantur et legati ab Haeduis et a Treveris veniebant: Haedui questum quod Harudes, qui nuper in Galliam transportati essent, fines eorum popularentur: sese ne obsidibus quidem datis pacem Ariovisti redimere potuisse; Treveri autem, pagos centum Sueborum ad ripas Rheni consedisse, qui Rhemum transire conarentur; his praeesse Nasuam et Cimberium fratres. Quibus rebus Caesar vehementer commotus maturandum sibi existimavit, ne, si nova manus Sueborum cum veteribus copiis Ariovisti sese coniunxisset, minus facile resisti posset. Itaque re frumentaria quam celerrime potuit comparata magnis itineribus ad Ariovistum contendit.
BLANK	 Hac oratione habita mirum in modum conversae sunt omnium mentes summaque alacritas et cupiditas belli gerendi innata est, princepsque X.
BLANK	legio per tribunos militum ei gratias egit quod de se optimum iudicium fecisset, seque esse ad bellum gerendum paratissimam confirmavit. Deinde reliquae legiones cum tribunis militum et primorum ordinum centurionibus egerunt uti Caesari satis facerent: se neque umquam dubitasse neque timuisse neque de summa belli suum iudicium sed imperatoris esse existimavisse. Eorum satisfactione accepta et itinere exquisito per Diviciacum, quod ex Gallis ei maximam fidem habebat, ut milium amplius quinquaginta circuitu locis apertis exercitum duceret, de quarta vigilia, ut dixerat, profectus est. Septimo die, cum iter non intermitteret, ab exploratoribus certior factus est Ariovisti copias a nostris milia passuum IIII et XX abesse.
BLANK	 Planities erat magna et in ea tumulus terrenus satis grandis. Hic locus aequum fere spatium a castris Ariovisti et Caesaris aberat. Eo, ut erat dictum, ad conloquium venerunt. Legionem Caesar, quam equis devexerat, passibus CC ab eo tumulo constituit. Item equites Ariovisti pari intervallo constiterunt. Ariovistus ex equis ut conloquerentur et praeter se denos ad conloquium adducerent postulavit. Ubi eo ventum est, Caesar initio orationis sua senatusque in eum beneficia commemoravit, quod rex appellatus esset a senatu, quod amicus, quod munera amplissime missa; quam rem et paucis contigisse et pro magnis hominum officiis consuesse tribui docebat; illum, cum neque aditum neque causam postulandi iustam haberet, beneficio ac liberalitate sua ac senatus ea praemia consecutum.
BLANK	Docebat etiam quam veteres quamque iustae causae necessitudinis ipsis cum Haeduis intercederent, quae senatus consulta quotiens quamque honorifica in eos facta essent, ut omni tempore totius Galliae principatum Haedui tenuissent, prius etiam quam nostram amicitiam adpetissent. Populi Romani hanc esse consuetudinem, ut socios atque amicos non modo sui nihil deperdere, sed gratia, dignitate, honore auctiores velit esse; quod vero ad amicitiam populi Romani attulissent, id iis eripi quis pati posset?
BLANK	Postulavit deinde eadem quae legatis in mandatis dederat: ne aut Haeduis aut eorum sociis bellum inferret, obsides redderet, si nullam partem Germanorum domum remittere posset, at ne quos amplius Rhenum transire pateretur.
BLANK	 Multa a Caesare in eam sententiam dicta sunt quare negotio desistere non posset: neque suam neque populi Romani consuetudinem pati ut optime meritos socios desereret, neque se iudicare Galliam potius esse Ariovisti quam populi Romani. Bello superatos esse Arvernos et Rutenos a Q. Fabio Maximo, quibus populus Romanus ignovisset neque in provinciam redegisset neque stipendium posuisset. Quod si antiquissimum quodque tempus spectari oporteret, populi Romani iustissimum esse in Gallia imperium; si iudicium senatus observari oporteret, liberam debere esse Galliam, quam bello victam suis legibus uti voluisset.
BLANK	 Dum haec in conloquio geruntur, Caesari nuntiatum est equites Ariovisti propius tumulum accedere et ad nostros adequitare, lapides telaque in nostros coicere. Caesar loquendi finem fecit seque ad suos recepit suisque imperavit ne quod omnino telum in hostes reicerent. Nam etsi sine ullo periculo legionis delectae cum equitatu proelium fore videbat, tamen committendum non putabat ut, pulsis hostibus, dici posset eos ab se per fidem in conloquio circumventos. Postea quam in vulgus militum elatum est qua arrogantia in conloquio Ariovistus usus omni Gallia Romanis interdixisset, impetumque in nostros eius equites fecissent, eaque res conloquium ut diremisset, multo maior alacritas studiumque pugnandi maius exercitui iniectum est.
BLANK	 Ubi eum castris se tenere Caesar intellexit, ne diutius commeatu prohiberetur, ultra eum locum, quo in loco Germani consederant, circiter passus DC ab his, castris idoneum locum delegit acieque triplici instructa ad eum locum venit. Primam et secundam aciem in armis esse, tertiam castra munire iussit. [Hic locus ab hoste circiter passus DC, uti dictum est, aberat.] Eo circiter hominum XVI milia expedita cum omni equitatu Ariovistus misit, quae copiae nostros terrerent et munitione prohiberent.
BLANK	Nihilo setius Caesar, ut ante constituerat, duas acies hostem propulsare, tertiam opus perficere iussit. Munitis castris duas ibi legiones reliquit et partem auxiliorum, quattuor reliquas legiones in castra maiora reduxit.
BLANK	Proximo die instituto suo Caesar ex castris utrisque copias suas eduxit paulumque a maioribus castris progressus aciem instruxit hostibusque pugnandi potestatem fecit. Ubi ne tum quidem eos prodire intellexit, circiter meridiem exercitum in castra reduxit. Tum demum Ariovistus partem suarum copiarum, quae castra minora oppugnaret, misit.
BLANK	Acriter utrimque usque ad vesperum pugnatum est. Solis occasu suas copias Ariovistus multis et inlatis et acceptis vulneribus in castra reduxit.
BLANK	Cum ex captivis quaereret Caesar quam ob rem Ariovistus proelio non decertaret, hanc reperiebat causam, quod apud Germanos ea consuetudo esset ut matres familiae eorum sortibus et vaticinationibus declararent utrum proelium committi ex usu esset necne; eas ita dicere: non esse fas Germanos superare, si ante novam lunam proelio contendissent.
BLANK	 Postridie eius diei Caesar praesidio utrisque castris quod satis esse visum est reliquit, alarios omnes in conspectu hostium pro castris minoribus constituit, quod minus multitudine militum legionariorum pro hostium numero valebat, ut ad speciem alariis uteretur; ipse triplici instructa acie usque ad castra hostium accessit. Tum demum necessario Germani suas copias castris eduxerunt generatimque constituerunt paribus intervallis, Harudes, Marcomanos, Tribocos, Vangiones, Nemetes, Sedusios, Suebos, omnemque aciem suam raedis et carris circumdederunt, ne qua spes in fuga relinqueretur. Eo mulieres imposuerunt, quae ad proelium proficiscentes milites passis manibus flentes implorabant ne se in servitutem Romanis traderent.
BLANK	 Caesar singulis legionibus singulos legatos et quaestorem praefecit, uti eos testes suae quisque virtutis haberet; ipse a dextro cornu, quod eam partem minime firmam hostium esse animadverterat, proelium commisit.
BLANK	Ita nostri acriter in hostes signo dato impetum fecerunt itaque hostes repente celeriterque procurrerunt, ut spatium pila in hostes coiciendi non daretur. Relictis pilis comminus gladiis pugnatum est. At Germani celeriter ex consuetudine sua phalange facta impetus gladiorum exceperunt. Reperti sunt complures nostri qui in phalanga insilirent et scuta manibus revellerent et desuper vulnerarent. Cum hostium acies a sinistro cornu pulsa atque in fugam coniecta esset, a dextro cornu vehementer multitudine suorum nostram aciem premebant. Id cum animadvertisset P. Crassus adulescens, qui equitatui praeerat, quod expeditior erat quam ii qui inter aciem versabantur, tertiam aciem laborantibus nostris subsidio misit.
BLANK	 Ita proelium restitutum est, atque omnes hostes terga verterunt nec prius fugere destiterunt quam ad flumen Rhenum milia passuum ex eo loco circiter L pervenerunt. Ibi perpauci aut viribus confisi tranare contenderunt aut lintribus inventis sibi salutem reppererunt. In his fuit Ariovistus, qui naviculam deligatam ad ripam nactus ea profugit; reliquos omnes consecuti equites nostri interfecerunt. Duae fuerunt Ariovisti uxores, una Sueba natione, quam domo secum eduxerat, altera Norica, regis Voccionis soror, quam in Gallia duxerat a fratre missam: utraque in ea fuga periit; duae filiae: harum altera occisa, altera capta est. C.
BLANK	Valerius Procillus, cum a custodibus in fuga trinis catenis vinctus traheretur, in ipsum Caesarem hostes equitatu insequentem incidit. Quae quidem res Caesari non minorem quam ipsa victoria voluptatem attulit, quod hominem honestissimum provinciae Galliae, suum familiarem et hospitem, ereptum ex manibus hostium sibi restitutum videbat neque eius calamitate de tanta voluptate et gratulatione quicquam fortuna deminuerat. Is se praesente de se ter sortibus consultum dicebat, utrum igni statim necaretur an in aliud tempus reservaretur: sortium beneficio se esse incolumem. Item M. Metius repertus et ad eum reductus est.
BLANK	 Hoc proelio trans Rhenum nuntiato, Suebi, qui ad ripas Rheni venerant, domum reverti coeperunt; quos ubi qui proximi Rhenum incolunt perterritos senserunt, insecuti magnum ex iis numerum occiderunt. Caesar una aestate duobus maximis bellis confectis maturius paulo quam tempus anni postulabat in hiberna in Sequanos exercitum deduxit; hibernis Labienum praeposuit; ipse in citeriorem Galliam ad conventus agendos profectus est.
BLANK	CUM esset Caesar in citeriore Gallia [in hibernis], ita uti supra demonstravimus, crebri ad eum rumores adferebantur litterisque item Labieni certior fiebat omnes Belgas, quam tertiam esse Galliae partem dixeramus, contra populum Romanum coniurare obsidesque inter se dare.
BLANK	Coniurandi has esse causas: primum quod vererentur ne, omni pacata Gallia, ad eos exercitus noster adduceretur; deinde quod ab non nullis Gallis sollicitarentur, partim qui, ut Germanos diutius in Gallia versari noluerant, ita populi Romani exercitum hiemare atque inveterascere in Gallia moleste ferebant, partim qui mobilitate et levitate animi novis imperiis studebant; ab non nullis etiam quod in Gallia a potentioribus atque iis qui ad conducendos homines facultates habebant vulgo regna occupabantur; qui minus facile eam rem imperio nostro consequi poterant.
BLANK	 His nuntiis litterisque commotus Caesar duas legiones in citeriore Gallia novas conscripsit et inita aestate in ulteriorem Galliam qui deduceret Q. Pedium legatum misit. Ipse, cum primum pabuli copia esse inciperet, ad exercitum venit. Dat negotium Senonibus reliquisque Gallis qui finitimi Belgis erant uti ea quae apud eos gerantur cognoscant seque de his rebus certiorem faciant. Hi constanter omnes nuntiaverunt manus cogi, exercitum in unum locum conduci. Tum vero dubitandum non existimavit quin ad eos proficisceretur. Re frumentaria provisa castra movet diebusque circiter XV ad fines Belgarum pervenit.
BLANK	 Eo cum de improviso celeriusque omnium opinione venisset, Remi, qui proximi Galliae ex Belgis sunt, ad eum legatos Iccium et Andebrogium, primos civitatis, miserunt, qui dicerent se suaque omnia in fidem atque potestatem populi Romani permittere, neque se cum reliquis Belgis consensisse neque contra populum Romanum coniurasse, paratosque esse et obsides dare et imperata facere et oppidis recipere et frumento ceterisque rebus iuvare; reliquos omnes Belgas in armis esse, Germanosque qui cis Rhenum incolant sese cum his coniunxisse, tantumque esse eorum omnium furorem ut ne Suessiones quidem, fratres consanguineosque suos, qui eodem iure et isdem legibus utantur, unum imperium unumque magistratum cum ipsis habeant, deterrere potuelint quin cum iis consentirent.
BLANK	 Cum ab iis quaereret quae civitates quantaeque in armis essent et quid in bello possent, sic reperiebat: plerosque Belgos esse ortos a Germanis Rhenumque antiquitus traductos propter loci fertilitatem ibi consedisse Gallosque qui ea loca incolerent expulisse, solosque esse qui, patrum nostrorum memoria omni Gallia vexata, Teutonos Cimbrosque intra suos fines ingredi prohibuerint; qua ex re fieri uti earum rerum memoria magnam sibi auctoritatem Illagnosque spiritus in re militari sumerent. De numero eorum omnia se habere explorata Remi dicebant, propterea quod propinquitatibus adfinitatibus quo coniuncti quantam quisque multitudinem in communi Belgarum concilio ad id bellum pollicitus sit cognoverint.
BLANK	 Caesar Remos cohortatus liberaliterque oratione prosecutus omnem senatum ad se convenire principumque liberos obsides ad se adduci iussit.
BLANK	Quae omnia ab his diligenter ad diem facta sunt. Ipse Diviciacum Haeduum magnopere cohortatus docet quanto opere rei publicae comnlunisque salutis intersit manus hostium distineri, ne cum tanta multitudine uno tempore confligendum sit. Id fieri posse, si suas copias Haedui in fines Bellovacorum introduxerint et eorum agros populari coeperint. His [datis] mandatis eum a se dimittit. Postquam omnes Belgarum copias in unum locum coactas ad se venire vidit neque iam longe abesse ab iis quos miserat exploratoribus et ab Remis cognovit, flumen Axonam, quod est in extremis Remorum finibus, exercitum traducere maturavit atque ibi castra posuit.
BLANK	Quae res et latus ullum castrorum ripis fluminis muniebat et post eum quae erant tuta ab hostibus reddebat et commeatus ab Remis reliquisque civitatibus ut sine periculo ad eum portari possent efficiebat. In eo flumine pons erat. Ibi praesidium ponit et in altera parte fluminis Q. Titurium Sabinum legatum cum sex cohortibus relinquit; castra in altitudinem pedum XII vallo fossaque duodeviginti pedum muniri iubet.
BLANK	 Ab his castris oppidum Remorum nomine Bibrax aberat milia passuum VIII. Id ex itinere magno impetu Belgae oppugnare coeperunt. Aegre eo die sustentatum est. Gallorum eadem atque Belgarum oppugnatio est haec:
BLANK	ubi circumiecta multitudine hominum totis moenibus undique in murum lapides iaci coepti sunt murusque defensoribus nudatus est, testudine facta portas succedunt murumque subruunt. Quod tum facile fiebat. Nam cum tanta multitudo lapides ac tela %coicerent%, in muro consistendi potestas erat nulli. Cum finem oppugnandi nox fecisset, Iccius Remus, summa nobilitate et gratia inter suos, qui tum oppido praeerat, unus ex iis qui legati de pace ad Caesarem venerant, nuntium ad eum mittit, nisi subsidium sibi submittatur, sese diutius sustinere non posse.
BLANK	 Eo de media nocte Caesar isdem ducibus usus qui nuntii ab Iccio venerant, Numidas et Cretas sagittarios et funditores Baleares subsidio oppidanis mittit; quorum adventu et Remis cum spe delensionis studium propugnandi accessit et hostibus eadem de causa spes potiundi oppidi discessit. Itaque paulisper apud oppidum morati agrosque Remorum depopulati, omnibus vicis aedificiisque quo adire potuerant incensis, ad castra Caesaris omnibus copiis contenderunt et a milibus passuum minus duobus castra posuerunt; quae castra, ut fumo atque ignibus significabatur, amplius milibus passuum VIII latitudinem patebant.
BLANK	 Palus erat non magna inter nostrum atque hostium exercitum. Hanc si nostri transirent hostes expectabant; nostri autem, si ab illis initium transeundi fieret, ut impeditos adgrederentur parati in armis erant.
BLANK	Interim proelio equestri inter duas acies contendebatur. Ubi neutri transeundi initium faciunt, secundiore equitum proelio nostris Caesar suos in castra reduxit. Hostes protinus ex eo loco ad flumen Axonam contenderunt, quod esse post nostra castra demonstratum est. Ibi vadis repertis partem suarum copiarum traducere conati sunt eo consilio ut, si possent, castellum, cui praeerat Q. Titurius legatus, expugnarent pontemque interscinderent, si minus potuissent, agros Remorum popularentur, qui magno nobis usui ad bellum gerendum erant, commeatuque nostros prohiberent.
BLANK	 Postridie eius diei Caesar, prius quam se hostes ex terrore ac fuga reciperent, in fines Suessionum, qui proximi Remis erant, exercitum duxit et magno itinere [confecto] ad oppidum Noviodunum contendit. Id ex itinere oppugnare conatus, quod vacuum ab defensoribus esse audiebat, propter latitudinem fossae murique altitudinem paucis defendentihus expugnare non potuit. Castris munitis vineas agere quaeque ad oppugnandum usui erant comparare coepit. Interim omnis ex fuga Suessionum multitudo in oppidum proxima nocte convenit. Celeriter vineis ad oppidum actis, aggere iacto turribusque constitutis, magnitudine operum, quae neque viderant ante Galli neque audierant, et celeritate Romanorum permoti legatos ad Caesarem de deditione mittunt et petentibus Remis ut conservarentur impetrant.
BLANK	 Caesar, obsidibus acceptis primis civitatis atque ipsius Galbae regis duobus filiis armisque omnibus ex oppido traditis, in deditionem Suessiones accipit exercitumque in Bellovacos ducit. Qui cum se suaque omnia in oppidum Bratuspantium contulissent atque ab eo oppido Caesar cum exercitu circiter milia passuum V abesset, omnes maiores natu ex oppido egressi manus ad Caesarem tendere et voce significare coeperunt sese in eius fidem ac potestatem venire neque contra populum Romanum armis contendere. Item, cum ad oppidum accessisset castraque ibi poneret, pueri mulieresque ex muro passis mallibus suo more pacem ab Romanis petierunt.
BLANK	 Pro his Diviciacus (nam post discessum Belgarum dimissis Haeduorum copiis ad Cum reverterat) facit verba: Bellovacos omni tempore in fide atque amicitia civitatis Haeduae fuisse; impulsos ab suis principibus, qui dicerent Haeduos a Caesare in servitutem redacto. omnes indignitates contumeliasque perferre, et ab Haeduis defecisse et populo Romano bellum intulisse. Qui eius consilii principes fuissent, quod intellegerent quantam calamitatem civitati intulissent, in Britanniam profugisse.
BLANK	Petere non solum Bellovacos, sed etiam pro his Haeduos, ut sua clementia ac mansuetudine in eos utatur. Quod si fecerit, Haeduorum auctoritatem apud omnes Belgas amplificaturum, quorum auxiliis atque opibus, si qua bella inciderint, sustentare consuerint.
BLANK	 Caesar honoris Diviciaci atque Haeduorum causa sese eos in fidem recepturum et conservaturum dixit, et quod erat civitas magna inter Belgas auctoritate atque hominum multitudine praestabat, DC obsides poposcit.
BLANK	His traditis omnibusque armis ex oppido conlatis, ab eo loco in fines Ambianorum pervenit; qui se suaque omnia sine mora dediderunt. Eorum fines Nervii attingebant. Quorum de natura moribusque Caesar cum quaereret, sic reperiebat: nullum esse aditum ad eos mercatoribus; nihil pati vini reliquarumque rerum ad luxuriam pertinentium inferri, quod his rebus relanguescere animos eorum et remitti virtutem existimarent; esse homines feros magnaeque virtutis; increpitare atque incusare reliquos Belgas, qui se populo Romano dedidissent patriamque virtutem proiecissent; confirmare sese neque legatos missuros neque ullam condicionem pacis accepturos.
BLANK	 Cum per eorum fines triduum iter fecisset, inveniebat ex captivis Sabim flumen a castris suis non amplius milibus passuum X abesse; trans id flumen omnes Nervios consedisse adventumque ibi Romanorum expectare una cum Atrebatibus et Viromanduis, finitimis suis (nam his utrisque persuaserant uti eandem belli fortunam experirentur); expectari etiam ab iis Atuatucorum copias atque esse in itinere; mulieres quique per aetatem ad pugnam inutiles viderentur in eum locum coniecisse quo propter paludes exercitui aditus non esset.
BLANK	 Loci natura erat haec, quem locum nostri castris delegerant. Collis ab summo aequaliter declivis ad flumen Sabim, quod supra nominavimus, vergebat. Ab eo flumine pari acclivitate collis nascebatur adversus huic et contrarius, passus circiter CC infimus apertus, ab superiore parte silvestris, ut non facile introrsus perspici posset. Intra eas silvas hostes in occulto sese continebant; in aperto loco secundum flumen paucae stationes equitum videbantur. Fluminis erat altitudo pedum circiter trium.
BLANK	 Caesari omnia uno tempore erant agenda: vexillum proponendum, quod erat insigne, cum ad arma concurri oporteret; signum tuba dandum; ab opere revocandi milites; qui paulo longius aggeris petendi causa processerant arcessendi; acies instruenda; milites cohortandi; signum dandum. Quarum rerum magnam partem temporis brevitas et incursus hostium impediebat. His difficultatibus duae res erant subsidio, scientia atque usus militum, quod superioribus proeliis exercitati quid fieri oporteret non minus commode ipsi sibi praescribere quam ab aliis doceri poterant, et quod ab opere singulisque legionibus singulos legatos Caesar discedere nisi munitis castris vetuerat. Hi propter propinquitatem et celeritatem hostium nihil iam Caesaris imperium expectabant, sed per se quae videbantur administrabant.
BLANK	 Caesar, necessariis rebus imperatis, ad cohortandos milites, quam [in] partem fors obtulit, decucurrit et ad legionem decimam devenit. Milites non longiore oratione cohortatus quam uti suae pristinae virtutis memoriam retinerent neu perturbarentur animo hostiumque impetum fortiter sustinerent, quod non longius hostes aberant quam quo telum adigi posset, proelii committendi signum dedit. Atque in alteram item cohortandi causa profectus pugnantibus occurrit. Temporis tanta fuit exiguitas hostiumque tam paratus ad dimicandum animus ut non modo ad insignia accommodanda sed etiam ad galeas induendas scutisque tegimenta detrahenda tempus defuerit.
BLANK	Quam quisque ab opere in partem casu devenit quaeque prima signa conspexit, ad haec constitit, ne in quaerendis suis pugnandi tempus dimitteret.
BLANK	 Instructo exercitu magis ut loci natura [delectusque collis] et necessitas temporis quam ut rei militaris ratio atque ordo postulabat, cum diversae legiones aliae alia in parte hostibus resisterent saepibusque densissimis, ut ante demonstravimus, interiectis prospectus impediretur, neque certa subsidia conlocari neque quid in quaque parte opus esset provideri neque ab uno omnia imperia administrari poterant. Itaque in tanta rerum iniquitate fortunae quoque eventus varii sequebantur.
BLANK	 Eodem tempore equites nostri levisque armaturae pedites, qui cum iis una fuerant, quos primo hostium impetu pulsos dixeram, cum se in castra reciperent, adversis hostibus occurrebant ac rursus aliam in partem fugam petebant; et calones, qui ab decumana porta ac summo iugo collis nostros victores flumen transire conspexerant, praedandi causa egressi, cum respexissent et hostes in nostris castris versari vidissent, praecipites fugae sese mandabant. Simul eorum qui cum impedimentis veniebant clamor fremitusque oriebatur, aliique aliam in partem perterriti ferebantur.
BLANK	Quibus omnibus rebus permoti equites Treveri, quorum inter Gallos virtutis opinio est singularis, qui auxilii causa a civitate missi ad Caesarem venerant, cum multitudine hostium castra [nostra] compleri, legiones premi et paene circumventas teneri, calones, equites, tunditores, Numidas diversos dissipatosque in omnes partes fugere vidissent, desperatis nostris rebus domum contenderunt: Romanos pulsos superatosque, castris impedimentisque eorum hostes potitos civitati renuntiaverunt.
BLANK	 Hoc proelio facto et prope ad internecionem gente ac nomine Nerviorum redacto, maiores natu, quos una cum pueris mulieribusque in aestuaria ac paludes coniectos dixeramus, hac pugna nuntiata, cum victoribus nihil impeditum, victis nihil tutum arbitrarentur, omnium qui supererant consensu legatos ad Caesarem miserunt seque ei dediderunt; et in commemoranda civitatis calamitate ex DC ad tres senatores, ex hominum milibus LX vix ad D, qui arma ferre possent, sese redactos esse dixerunt.
BLANK	Quos Caesar, ut in miseros ac supplices usus misericordia videretur, diligentissime conservavit suisque finibus atque oppidis uti iussit et finitimis imperavit ut ab iniuria et maleficio se suosque prohiberent.
BLANK	 Ac primo adventu exercitus nostri crebras ex oppido excursiones faciebant parvulisque proeliis cum nostris contendebant; postea vallo pedum XII in circuitu %XV% milium crebrisque castellis circummuniti oppido sese continebant. Ubi vineis actis aggere extructo turrim procul constitui viderunt, primum inridere ex muro atque increpitare vocibus, quod tanta machinatio a tanto spatio institueretur: quibusnam mallibus aut quibus viribus praesertim homines tantulae staturae (nam plerumque omnibus Gallis prae magnitudine corporum quorum brevitas nostra contemptui est) tanti oneris turrim in muro sese [posse] conlocare confiderent?
BLANK	 Ubi vero moveri et adpropinquare muris viderunt, nova atque inusitata specie commoti legatos ad Caesarem de pace miserunt, qui ad hunc modum locuti, non se existimare Romanos sine ope divina bellum gerere, qui tantae altitudinis machinationes tanta celeritate promovere possent, se suaque omnia eorum potestati permittere dixerunt. Unum petere ac deprecari: si forte pro sua clementia ac mansuetudine, quam ipsi ab aliis audirent, statuisset Atuatucos esse conservandos, ne se armis despoliaret. Sibi omnes fere finitimos esse inimicos ac suae virtuti invidere; a quibus se defelldere traditis armis non possent. Sibi praestare, si in eum casum deducerentur, quamvis fortunam a populo Romano pati quam ab his per cruciatum interfici inter quos dominari consuessent.
BLANK	 Ad haec Caesar respondit: se magis consuetudine sua quam merito eorum civitatem conservaturum, si prius quam murum aries attigisset se dedidissent; sed deditionis nullam esse condicionem nisi armis traditis.
BLANK	Se id quod in Nerviis fecisset facturum finitimisque imperaturum ne quam dediticiis populi Romani iniuriam inferrent. Re renuntiata ad suos illi se quae imperarentur facere dixerunt. Armorum magna multitudine de muro in fossam, quae erat ante oppidum, iacta, sic ut prope summam muri aggerisque altitudinem acervi armorum adaequarent, et tamen circiter parte tertia, ut postea perspectum est, celata atque in oppido retenta, portis patefactis eo die pace sunt usi.
BLANK	 Eodem tempore a P. Crasso, quem cum legione una miserat ad Venetos, Venellos, Osismos, Coriosolitas, Esuvios, Aulercos, Redones, quae sunt maritimae civitates Oceanumque attingunt, certior factus est omnes eas civitates in dicionem potestatemque populi Romani esse redactas.
BLANK	 His rebus gestis omni Gallia pacata, tanta huius belli ad barbaros opinio perlata est uti ab iis nationibus quae trans Rhenum incolerent legationes ad Caesarem mitterentur, quae se obsides daturas, imperata facturas pollicerentur. Quas legationes Caesar, quod in Italiam Illyricumque properabat, inita proxima aestate ad se reverti iussit. Ipse in Carnutes, Andes, Turonos quaeque civitates propinquae iis locis erant ubi bellum gesserat, legionibus in hiberna deductis, in Italiam profectus est. Ob easque res ex litteris Caesaris dierum XV supplicatio decreta est, quod ante id tempus accidit nulli.
BLANK	et parte equitatus in Nantuates, Veragros Sedunosque misit, qui a finibus Allobrogum et lacu Lemanno et flumine Rhodano ad summas Alpes pertinent.
BLANK	 Brevi spatio interiecto, vix ut iis rebus quas constituissent conlocandis atque administrandis tempus daretur, hostes ex omnibus partibus signo dato decurrere, lapides gaesaque in vallum coicere. Nostri primo integris viribus fortiter propugnare neque ullum flustra telum ex loco superiore mittere, et quaecumque pars castrorum nudata defensoribus premi videbatur, eo occurrere et auxilium ferre, sed hoc superari quod diuturnitate pugnae hostes defessi proelio excedebant, alii integris viribus succedebant; quarum rerum a nostris propter paucitatem fieri nihil poterat, ac non modo defesso ex pugna excedendi, sed ne saucio quidem eius loci ubi constiterat relinquendi ac sui recipiendi facultas dabatur.
BLANK	 Cum iam amplius horis sex continenter pugnaretur, ac non solum vires sed etiam tela nostros deficerent, atque hostes acrius instarent languidioribusque nostris vallum scindere et fossas complere coepissent, resque esset iam ad extremum perducta casum, P. Sextius Baculus, primi pili centurio, quem Nervico proelio compluribus confectum vulneribus diximus, et item C. Volusenus, tribunus militum, vir et consilii magni et virtutis, ad Galbam accurrunt atque unam esse spem salutis docent, si eruptione facta extremum auxilium experirentur. Itaque convocatis centurionibus celeriter milites certiores facit, paulisper intermitterent proelium ac tantum modo tela missa exciperent seque ex labore reficerent, post dato signo ex castris erumperent, atque omnem spem salutis in virtute ponerent.
BLANK	 His rebus gestis cum omnibus de causis Caesar pacatam Galliam existimaret, [superatis Belgis, expulsis Germanis, victis in Alpibus Sedunis,] atque ita inita hieme in Illyricum profectus esset, quod eas quoque nationes adire et regiones cognoseere volebat, subitum bellum in Gallia eoortum est. Eius belli haec fuit causa. P. Crassus adulescens eum legione VII. proximus mare Oeeanum in Andibus hiemabat. Is, quod in his loeis inopia frumenti erat, praefectos tribunosque militum eomplures in finitimas civitates frumenti causa dimisit; quo in numero est T. Terrasidius missus in Esuvios, M. Trebius Gallus in Coriosolites, Q. Velanius eum T. Silio in Venetos.
BLANK	 Erant hae difficultates belli gerendi quas supra ostendiIrIus, sed tamen multa Caesarem ad id bellum incitabant: iniuria retentorum equitum Romanorum, rebellio facta post deditionem, defectio datis obsidibus, tot civitatum coniuratio, in primis ne hac parte neglecta reliquae nationes sibi idem licere arbitrarentur. Itaque cum intellegeret omnes fere Gallos novis rebus studere et ad bellum mobiliter celeriterque excitari, omnes autem homines natura libertati studere et condicionem servitutis odisse, prius quam plures civitates conspirarent, partiendum sibi ac latius distribuendum exercitum putavit.
BLANK	 Itaque T. Labienum legatum in Treveros, qui proximi flumini Rheno sunt, cum equitatu mittit. Huic imandat, Remos reliquosque Belgas adeat atque in officio contineat Germanosque, qui auxilio a Belgis arcessiti dicebantur, si per vim navibus flumen transire conentur, prohibeat.
BLANK	P. Crassum cum cohortibus legionariis XII et magno numero equitatus in Aquitaniam proficisci iubet, ne ex his nationibus auxilia in Galliam mittantur ac tantae nationes coniungantur. Q. Titurium Sabinum legatum cum legionibus tribus in Venellos, Coriosolites Lexoviosque mittit, qui eam manum distinendam curet. D. Brutum adulescentem classi Gallicisque navibus, quas ex Pictonibus et Santonis reliquisque pacatis regionibus convenirel iusserat, praeficit et, cum primum possit, in Venetos proficisci iubet. Ipse eo pedestribus copiis contendit.
BLANK	Accedebat ut, cum [saevire ventus coepisset et] se vento dedissent, et tempestatem ferrent facilius et in vadis consisterent tutius et ab aestu relictae nihil saxa et cotes timerent; quarum rerum omnium nostris navibus casus erat extimescendus.
BLANK	 Deiectis, ut diximus, antemnis, cum singulas binae ac ternae naves circumsteterant, milites summa vi transcendere in hostium naves contendebant. Quod postquam barbari fieri animadverterunt, expugnatis compluribus navibus, cum ei rei nullum reperiretur auxilium, fuga salutem petere contenderunt. Ac iam conversis in eam partem navibus quo ventus ferebat, tanta subito malacia ac tranquillitas extitit ut se ex loco movere non possent. Quae quidem res ad negotium conficiendum maximae fuit oportunitati: nam singulas nostri consectati expugnaverunt, ut perpaucae ex omni numero noctis interventu ad terram per venirent, cum ab hora fere IIII. usque ad solis occasum pugnaretur.
BLANK	Nam cum omnis iuventus, omnes etiam gravioris aetatis in quibus aliquid consilii aut dignitatis fuit eo convenerant, tum navium quod ubique fuerat in unum locum coegerant; quibus amissis reliqui neque quo se reciperent neque quem ad modum oppida defenderent habebant. Itaque se suaque omnia Caesari dediderunt. In quos eo gravius Caesar vindicandum statuit quo diligentius in reliquum tempus a barbaris ius legatorum conservaretur.
BLANK	 Hac confirmata opinione timoris idoneum quendam hominem et callidum deligit, Gallum, ex iis quos auxilii causa secum habebat. Huic magnis praemiis pollicitationibusque persuadet uti ad hostes transeat, et quid fieri velit edocet. Qui ubi pro perfuga ad eos venit, timorem Romanorum proponit, quibus angustiis ipse Caesar a Venetis prematur docet, eque longius abesse quin proxima nocte Sabinus clam ex castris exercitum educat et ad Caesarem auxilii ferendi causa proficiscatur. Quod ubi auditum est, conclamant omnes occasionem negotii bene gerendi amittendam non esse: ad castra iri oportere. Multae res ad hoc consilium Gallos hortabantur:
BLANK	superiorum dierum Sabini cunctatio, perfugae confirmatio, inopia cibariorum, cui rei paum diligenter ab iis erat provisum, spes Venetici belli, et quod fere libenter. homines id quod volunt credunt. His rebus adducti non prius Viridovicem reliquosque duces ex concilio dimittunt quam ab iis sit concessum arma uti capiant et ad castra contendant. Qua re concessa laeti, ut explorata victoria, sarmentis virgultisque collectis, quibus fossas Romanorum compleant, ad castra pergunt.
BLANK	 Locus erat castrorum editus et paulatim ab imo acclivis circiter passus mille. Huc magno cursu contenderunt, ut quam minimum spatii ad se colligendos armandosque Romanis daretur, exanimatique pervenerunt.
BLANK	Sabinus suos hortatus cupientibus signum dat. Impeditis hostibus propter ea quae ferebant onera subito duabus portis eruptionem fieri iubet.
BLANK	Factum est oportunitate loci, hostium inscientia ac defatigatione, virtute militum et superiorum pugnarum exercitatione, ut ne unum quidem nostrorum impetum ferrent ac statim terga verterent. Quos impeditos integris viribus milites nostri consecuti magnum numerum eorum occiderunt; reliquos equites consectati paucos, qui ex fuga evaserant, reliquerunt. Sic uno tempore et de navali pugna Sabinus et de Sabini victoria Caesar est certior factus, civitatesque omnes se statim Titurio dediderunt. Nam ut ad bella suscipienda Gallorum alacer ac promptus est animus, sic mollis ac minime resistens ad calamitates ferendas mens eorum est.
BLANK	 Eodem fere tempore P. Crassus., cum in Aquitaniam pervenisset, quae [pars], ut ante dictum est, [et regionum latitudine et multitudine hominum] tertia pars Galliae est [aestimanda], cum intellegeret in iis locis sibi bellum gerendum ubi paucis ante annis L. Valerius Praeconinus legatus exercitu pulso interfectus esset atque unde L. Manlius proconsul impedimentis amissis profugisset, non mediocrem sibi diligentiam adhibendam intellegebat. Itaque re frumentaria provisa, auxiliis equitatuque comparato, multis praeterea viris fortibus Tolosa et Carcasone et Narbone, quae sunt civitates Galliae provinciae finitimae, ex his regionibus nominatim evocatis, in Sotiatium fines exercitum introduxit.
BLANK	Cuius adventu cognito Sotiates magnis copiis coactis, equitatuque, quo plurimum valebant, in itinere agmen nostrum adorti primum equestre proelium commiserunt, deinde equitatu suo pulso atque insequentibus nostris subito pedestres copias, quas in convalle in insidiis conlocaverant, ostenderunt. Hi nostros disiectos adorti proelium renovarunt.
BLANK	 Atque in eam rem omnium nostrorum intentis animis alia ex parte oppidi Adiatunnus, qui summam imperii tenebat, cum DC devotis, quos illi soldurios appellant, quorum haec est condicio, ut omnibus in vita commodis una cum iis fruantur quorum se amicitiae dediderint, si quid his per vim accidat, aut eundem casum una ferant aut sibi mortem consciscant; neque adhuc hominum memoria repertus est quisquam qui, eo interfecto cuius se amicitiae devovisset, mortem recusaret---cum his Adiatunnus eruptionem facere conatus clamore ab ea parte munitionis sublato cum ad arma milites concurrissent vehementerque ibi pugnatum esset, repulsus in oppidum tamen uti eadem deditionis condicione uteretur a Crasso impetravit.
BLANK	 Prima luce productis omnibus copiis duplici acie instituta, auxiliis in mediam aciem coniectis, quid hostes consilii caperent expectabat.
BLANK	Illi, etsi propter multitudinem et veterem belli gloriam paucitatemque nostrorum se tuto dimicaturos existimabant, tamen tutius esse arbitrabantur obsessis viis commeatu intercluso sine vulnere victoria potiri, et si propter inopiam rei frumentariae Romani se recipere coepissent, impeditos in agmine et sub sarcinis infirmiores animo adoriri cogitabant. Hoc consilio probato ab ducibus, productis Romanorum copiis, sese castris tenebant. Hac re perspecta Crassus, cum sua cunctatione atque opinione timoris hostes nostros milites alacriores ad pugnaudum effecissent atque omnium voces audirentur expectari diutius non oportere quin ad castra iretur, cohortatus suos omnibus cupientibus ad hostium castra contendit.
BLANK	 Ibi cum alii fossas complerent, alii multis telis coniectis defensores vallo munitionibusque depellerent, auxiliaresque, quibus ad pugnam non multum Crassus confidebat, lapidibus telisque subministrandis et ad aggerem caespitibus comportandis speciem atque opinionem pugnantium praeberent, cum item ab hostibus constanter ac non timide pugnaretur telaque ex loco superiore missa non frustra acciderent, equites circumitis hostium castris Crasso renuntiaverunt non eadem esse diligentia ab decumana porta castra munita facilemque aditum habere.
BLANK	 Hac audita pugna maxima pars Aquitaniae sese Crasso dedidit obsidesque ultro misit; quo in numero fuerunt Tarbelli, Bigerriones, Ptianii, Vocates, Tarusates, Elusates, Gates, Ausci, Garumni, Sibusates, Cocosates: paucae ultimae nationes anni tempore confisae, quod hiems suberat, id facere neglexerunt.
BLANK	 Reliquis deinceps diebus Caesar silvas caedere instituit, et ne quis inermibus imprudentibusque militibus ab latere impetus fieri posset, omnem eam materiam quae erat caesa conversam ad hostem conlocabat et pro vallo ad utrumque latus extruebat. Incredibili celeritate magno spatio paucis diebus confecto, cum iam pecus atque extrema impedimenta a nostris tenerentur, ipsi densiores silvas peterent, eius modi sunt tempestates consecutae uti opus necessario intermitteretur et continuatione imbrium diutius sub pellibus milites contineri non possent. Itaque vastatis omnibus eorum agris, vicis aedificiisque incensis, Caesar exercitum reduxit et in Aulercis Lexoviisque, reliquis item civitatibus quae proxime bellum fecerant, in hibernis conlocavit.
BLANK	EA quae secuta est hieme, qui fuit annus Cn. Pompeio, M. Crasso consulibus, Usipetes Germani et item Tencteri magna [cum] multitudine hominum flumen Rhenum transierunt, non longe a mari, quo Rhenus influit.
BLANK	Causa transeundi fuit quod ab Suebis complures annos exagitati bello premebantur et agri cultura prohibebantur.
BLANK	 Mercatoribus est aditus magis eo ut quae bello ceperint quibus vendant habeant, quam quo ullam rem ad se importari desiderent. Quin etiam iumentis, quibus maxime Galli delectantur quaeque impenso parant pretio, Germani importatis non utuntur, sed quae sunt apud eos nata, parva atque deformia, haec cotidiana exercitatione summi ut sint laboris efficiunt.
BLANK	Equestribus proeliis saepe ex equis desiliunt ac pedibus proeliantur, equos eodem remanere vestigio adsue fecerunt, ad quos se celeriter, cum usus est, recipiunt: neque eorum moribus turpius quicquam aut inertius habetur quam ephippiis uti. Itaque ad quemvis numerum ephippiatorum equitum quamvis pauci adire audent. Vinum omnino ad se importari non patiuntur, quod ea re ad laborem ferendum remollescere homines atque effeminari arbitrantur.
BLANK	 Publice maximam putant esse laudem quam latissime a suis finibus vacare agros: hac re significari magnum numerum civitatum suam vim sustinere non posse. Itaque una ex parte a Suebis circiter milia passuum C agri vacare dicuntur. Ad alteram partem succedunt Ubii, quorum fuit civitas ampla atque florens, ut est captus Germanorum; ii paulo, quamquam sunt eiusdem generis, sunt ceteris humaniores, propterea quod Rhenum attingunt multum ad eos mercatores ventitant et ipsi propter propinquitatem [quod] Gallicis sunt moribus adsuefacti. Hos cum Suebi multis saepe bellis experti propter amplitudinem gravitatem civitatis finibus expellere non potuissent, tamen vectigales sibi fecerunt ac multo humiliores infirmiores redegerunt.
BLANK	 His de rebus Caesar certior factus et infirmitatem Gallorum veritus, quod sunt in consiliis capiendis mobiles et novis plerumque rebus student, nihil his committendum existimavit. Est enim hoc Gallicae consuetudinis, uti et viatores etiam invitos consistere cogant et quid quisque eorum de quaque re audierit aut cognoverit quaerant et mercatores in oppidis vulgus circumsistat quibus ex regionibus veniant quas ibi res cognoverint pronuntiare cogat. His rebus atque auditionibus permoti de summis saepe rebus consula ineunt, quorum eos in vestigio paenitere necesse est, cum incertis rumoribus serviant et pleri ad voluntatem eorum ficta respondeant.
BLANK	 Qua consuetudine cognita Caesar, ne graviori bello, occurreret, maturius quam consuerat ad exercitum proficiscitur. Eo cum venisset, ea quas fore suspicatus erat facta cognovit: missas legationes ab non nullis civitatibus ad Germanos invitatos eos uti ab Rheno discederent: omnia quae[que] postulassent ab se fore parata. Qua spe adducti Germani latius iam vagabantur et in fines Eburonum et Condrusorum, qui sunt Treverorum clientes, pervenerant. Principibus Gallice evocatis Caesar ea quae cognoverat dissimulanda sibi existimavit, eorumque animis permulsis et confirmatis equitatu imperato bellum cum Germanis gerere constituit.
BLANK	 Re frumentaria comparata equitibusque delectis iter in ea loca facere coepit, quibus in locis esse Germanos audiebat. A quibus cum paucorum dierum iter abesset, legati ab iis venerunt, quorum haec fuit oratio:
BLANK	Germanos neque priores populo Romano bellum inferre neque tamen recusare, si lacessantur, quin armis contendant, quod Germanorum consuetudo [haec] sit a maioribus tradita, Quicumque bellum inferant, resistere neque deprecari. Haec tamen dicere venisse invitos, eiectos domo; si suam gratiam Romani velint, posse iis utiles esse amicos; vel sibi agros attribuant vel patiantur eos tenere quos armis possederint: sese unis Suebis concedere, quibus ne di quidem immortales pares esse possint; reliquum quidem in terris esse neminem quem non superare possint.
BLANK	sibi nullam cum iis amicitiam esse posse, si in Gallia remanerent; neque verum esse, qui suos fines tueri non potuerint alienos occupare; neque ullos in Gallia vacare agros qui dari tantae praesertim multitudini sine iniuria possint; sed licere, si velint, in Ubiorum finibus considere, quorum sint legati apud se et de Sueborum iniuriis querantur et a se auxilium petant: hoc se Ubiis imperaturus.
BLANK	 Legati haec se ad suos relaturos dixerunt et re deliberata post diem tertium ad Caesarem reversuros: interea ne propius se castra moveret petierunt. Ne id quidem Caesar ab se impetrari posse dixit. Cognoverat enim magnam partem equitatus ab iis aliquot diebus ante praedandi frumentandi causa ad Ambivaritos trans Mosam missam: hos expectari equites atque eius rei causa moram interponi arbitrabatur.
BLANK	 [Mosa profluit ex monte Vosego, qui est in finibus Lingonum, et parte quadam ex Rheno recepta, quae appellatur Vacalus insulam efficit Batavorum, in Oceanum influit neque longius ab Oceano milibus passuum LXXX in Rhenum influit. Rhenus autem oritur ex Lepontiis, qui Alpes incolunt, et longo spatio per fines Nantuatium, Helvetiorum, Sequanorum, Mediomatricorum, Tribocorum, Treverorum citatus fertur et, ubi Oceano adpropinquavit, in plures diffluit partes multis ingentibus insulis effectis, quarum pars magna a feris barbaris nationibus incolitur, ex quibus sunt qui piscibus atque ovis avium vivere existimantur, multis capitibus in Oceanum influit.]
BLANK	 Germani post tergum clamore audito, eum suos interfiei viderent, armis abiectis signis militaribus relictis se ex castris eiecerunt, et eum ad confluentem Mosae et Rheni pervenissent, reliqua fuga desperata, magno numero interfecto, reliqui se in flumen praecipitaverunt atque ibi timore, lassitudine, vi fluminis oppressi perierunt. Nostri ad unum omnes incolumes, perpaucis vulneratis, ex tanti belli timore, cum hostium numerus capitum CCCCXXX milium fuisset, se in castra receperunt. Caesar iis quos in castris retinuerat discedendi potestatem fecit. Illi supplicia cruciatusque Gallorum veriti, quorum agros vexaverant, remanere se apud eum velle dixerunt. His Caesar libertatem concessit.
BLANK	 Diebus X, quibus materia coepta erat comportari, omni opere effecto exercitus traducitur. Caesar ad utramque partem pontis firmo praesidio relicto in fines Sugambrorum contendit. Interim a compluribus civitatibus ad eum legati veniunt; quibus pacem atque amicitiam petentibus liberaliter respondet obsidesque ad se adduci iubet. At Sugambri, ex eo tempore quo pons institui coeptus est fuga comparata, hortantibus iis quos ex Tencteris atque Usipetibus apud se habebant, finibus suis excesserant suaque omnia exportaverant seque in solitudinem ac silvas abdiderant.
BLANK	 Exigua parte aestatis reliqua Caesar, etsi in his locis, quod omnis Gallia ad septentriones vergit, maturae sunt hiemes, tamen in Britanniam proficisci contendit, quod omnibus fere Gallicis bellis hostibus nostris inde subministrata auxilia intellegebat, et si tempus anni ad bellum gerendum deficeret, tamen magno sibi usui fore arbitrabatur, si modo insulam adiisset, genus hominum perspexisset, loca, portus, aditus cognovisset; quae omnia fere Gallis erant incognita. Neque enim temere praeter mercatores illo adit quisquam, neque his ipsis quicquam praeter oram maritimam atque eas regiones quae sunt contra Galliam notum est.
BLANK	Itaque vocatis ad se undique mercatoribus, neque quanta esset insulae magnitudo neque quae aut quantae nationes incolerent, neque quem usum belli haberent aut quibus institutis uterentur, neque qui essent ad maiorem navium multitudinem idonei portus reperire poterat.
BLANK	 Ad haec cognoscenda, prius quam periculum faceret, idoneum esse arbitratus C. Volusenum cum navi longa praemittit. Huic mandat ut exploratis omnibus rebus ad se quam primum revertatur. Ipse cum omnibus copiis in Morinos proficiscitur, quod inde erat brevissimus in Britanniam traiectus. Huc naves undique ex finitimis regionibus et quam superiore aestate ad Veneticum bellum fecerat classem iubet convenire.
BLANK	 Interim, consilio eius cognito et per mercatores perlato ad Britannos, a compluribus insulae civitatibus ad eum legati veniunt, qui polliceantur obsides dare atque imperio populi Romani obtemperare. Quibus auditis, liberaliter pollicitus hortatusque ut in ea sententia permanerent, eos domum remittit et cum iis una Commium, quem ipse Atrebatibus superatis regem ibi constituerat, cuius et virtutem et consilium probabat et quem sibi fidelem esse arbitrabatur cuiusque auctoritas in his regionibus magni habebatur, mittit. Huic imperat quas possit adeat civitates horteturque ut populi Romani fidem sequantur seque celeriter eo venturum nuntiet.
BLANK	Volusenus perspectis regionibus omnibus quantum ei facultatis dari potuit, qui navi egredi ac se barbaris committere non auderet, V. die ad Caesarem revertitur quaeque ibi perspexisset renuntiat.
BLANK	 Dum in his locis Caesar navium parandarum causa moratur, ex magna parte Morinorum ad eum legati venerunt, qui se de superioris temporis consilio excusarent, quod homines barbari et nostrae consuetudinis imperiti bellum populo Romano fecissent, seque ea quae imperasset facturos pollicerentur. Hoc sibi Caesar satis oportune accidisse arbitratus, quod neque post tergum hostem relinquere volebat neque belli gerendi propter anni tempus facultatem habebat neque has tantularum rerum occupationes Britanniae anteponendas iudicabat, magnum iis numerum obsidum imperat.
BLANK	 Quibus adductis eos in fidem recipit. Navibus circiter LXXX onerariis coactis contractisque, quot satis esse ad duas transportandas legiones existimabat, quod praeterea navium longarum habebat quaestori, legatis praefectisque distribuit. Huc accedebant XVIII onerariae naves, quae ex eo loco a milibus passuum VIII vento tenebantur quo minus in eundem portum venire possent: has equitibus tribuit. Reliquum exercitum Q. Titurio Sabino et L. Aurunculeio Cottae legatis in Menapios atque in eos pagos Morinorum a quibus ad eum legati non venerant ducendum dedit.
BLANK	fere vigilia solvit equitesque in ulteriorem portum progredi et naves conscendere et se sequi iussit. A quibus cum paulo tardius esset administratum, ipse hora diei circiter IIII. cum primis navibus Britanniam attigit atque ibi in omnibus collibus expositas hostium copias armatas conspexit. Cuius loci haec erat natura atque ita montibus angustis mare continebatur, uti ex locis superioribus in litus telum adigi posset. Hunc ad egrediendum nequaquam idoneum locum arbitratus, dum reliquae naves eo convenirent ad horam nonam in ancoris expectavit.
BLANK	Interim legatis tribunisque militum convocatis et quae ex Voluseno cognovisset et quae fieri vellet ostendit monuitque, ut rei militaris ratio, maximeque ut maritimae res postularent, ut, cum celerem atque instabilem motum haberent, ad nutum et ad tempus D omnes res ab iis administrarentur. His dimissis, et VII ab eo loco progressus aperto ac plano litore naves constituit.
BLANK	 At barbari, consilio Romanorum cognito praemisso equitatu et essedariis, quo plerumque genere in proeliis uti consuerunt, reliquis copiis subsecuti nostros navibus egredi prohibebant. Erat ob has causas summa difficultas, quod naves propter magnitudinem nisi in alto constitui non poterant, militibus autem, ignotis locis, impeditis manibus, magno et gravi onere armorum oppressis simul et de navibus desiliendum et in auctibus consistendum et cum hostibus erat pugnandum, cum illi aut ex arido aut paulum in aquam progressi omnibus membris expeditis, notissimis locis, audacter tela coicerent et equos insuefactos incitarent. Quibus rebus nostri perterriti atque huius omnino generis pugnae imperiti, non eadem alacritate ac studio quo in pedestribus uti proeliis consuerant utebantur.
BLANK	 His rebus pace confirmata, post diem quartum quam est in Britanniam ventum naves XVIII, de quibus supra demonstratum est, quae equites sustulerant, ex superiore portu leni vento solverunt. Quae cum adpropinquarent Britanniae et ex castris viderentur, tanta tempestas subito coorta est ut nulla earum cursum tenere posset, sed aliae eodem unde erant profectae referrentur, aliae ad inferiorem partem insulae, quae est propius solis occasum, magno suo cum periculo deicerentur; quae tamen ancoris iactis cum fluctibus complerentur, necessario adversa nocte in altum provectae continentem petierunt.
BLANK	 Eadem nocte accidit ut esset luna plena, qui dies a maritimos aestus maximos in Oceano efficere consuevit, nostrisque id erat incognitum. Ita uno tempore et longas naves, [quibus Caesar exercitum transportandum curaverat,] quas Caesar in aridum subduxerat, aestus complebat, et onerarias, quae ad ancoras erant deligatae, tempestas adflictabat, neque ulla nostris facultas aut administrandi ` aut auxiliandi dabatur.
BLANK	 At Caesar, etsi nondum eorum consilia cognoverat, tamen et ex eventu navium suarum et ex eo quod obsides dare intermiserant fore id quod accidit suspicabatur. Itaque ad omnes casus subsidia comparabat. Nam et frumentum ex agris cotidie in castra conferebat et, quae gravissime adflictae erant naves, earum materia atque aere ad reliquas reficiendas utebatur et quae ad eas res erant usui ex continenti comportari iubebat.
BLANK	Itaque, cum summo studio a militibus administraretur, XII navibus amissis, reliquis ut navigari [satis] commode posset effecit.
BLANK	 Genus hoc est ex essedis pugnae. Primo per omnes partes perequitant et tela coiciunt atque ipso terrore equorum et strepitu rotarum ordines plerumque perturbant, et cum se inter equitum turmas insinuaverunt, ex essedis desiliunt et pedibus proeliantur. Aurigae interim paulatim ex proelio excedunt atque ita currus conlocant ut, si illi a multitudine hostium premantur, expeditum ad quos receptum habeant. Ita mobilitatem equitum, stabilitatem peditum in proeliis praestant, ac tantum usu cotidiano et exercitatione efficiunt uti in declivi ac praecipiti loco incitatos equos sustinere et brevi moderari ac flectere et per temonem percurrere et in iugo insistere et se inde in currus citissime recipere consuerint.
BLANK	 Caesar, etsi idem quod superioribus diebus acciderat fore videbat, ut, si essent hostes pulsi, celeritate periculum effugerent, tamen nactus equites circiter XXX, quos Commius Atrebas, de quo ante dictum est, secum transportaverat, legiones in acie pro castris constituit. Commisso proelio diutius nostrorum militum impetum hostes ferre non potuerunt ac terga verterunt. Quos tanto spatio secuti quantum cursu et viribus efficere potuerunt, complures ex iis occiderunt, deinde omnibus longe lateque aedificiis incensis se in castra receperunt.
BLANK	 Eodem die legati ab hostibus missi ad Caesarem de pace venerunt. His Caesar numerum obsidum quem ante imperaverat duplicavit eosque in continentem adduci iussit, quod propinqua die aequinoctii infirmis navibus hiemi navigationem subiciendam non existimabat. Ipse idoneam tempestatem nactus paulo post mediam noctem naves solvit, quae omnes incolumes ad continentem pervenerunt; sed ex iis onerariae duae eosdem portus quos reliquae capere non potuerunt et paulo infra delatae sunt.
BLANK	 Quibus ex navibus cum essent expositi milites circiter CCC atque in castra contenderent, Morini, quos Caesar in Britanniam proficiscens pacatos reliquerat, spe praedae adducti primo non ita magno suorum numero circumsteterunt ac, si sese interfici nollent, arma ponere iusserunt. Cum illi orbe facto sese defenderent, celeriter ad clamorem hominum circiter milia VI convenerunt; Qua re nuntiata, Caesar omnem ex castris equitatum suis auxilio misit. Interim nostri milites impetum hostium sustinuerunt atque amplius horis IIII fortissime pugnaverunt et paucis vulneribus acceptis complures ex iis occiderunt. Postea vero quam equitatus noster in conspectum venit, hostes abiectis armis terga verterunt magnusque eorum numerus est occisus.
BLANK	 Caesar postero die T. Labienum legatum cum iis legionibus quas ex Britannia reduxerat in Morinos qui rebellionem fecerant misit. Qui cum propter siccitates paludum quo se reciperent non haberent, quo perfugio superiore anno erant usi, omnes fere in potestatem Labieni venerunt. At Q. Titurius et L. Cotta legati, qui in Menapiorum fines legiones duxerant, omnibus eorum agris vastatis, frumentis succisis, aedificiis incensis, quod Menapii se omnes in densissimas silvas abdiderant, se ad Caesarem receperunt. Caesar in Belgis omnium legionum hiberna constituit. Eo duae omnino civitates ex Britannia obsides miserunt, reliquae neglexerunt. His rebus gestis ex litteris Caesaris dierum XX supplicatio a senatu decreta est.
